--
-- PostgreSQL database dump
--

-- Dumped from database version 15.1 (Debian 15.1-1.pgdg110+1)
-- Dumped by pg_dump version 15.1 (Debian 15.1-1.pgdg110+1)

SET statement_timeout = 0;
SET lock_timeout = 0;
SET idle_in_transaction_session_timeout = 0;
SET client_encoding = 'UTF8';
SET standard_conforming_strings = on;
SELECT pg_catalog.set_config('search_path', '', false);
SET check_function_bodies = false;
SET xmloption = content;
SET client_min_messages = warning;
SET row_security = off;

SET default_tablespace = '';

SET default_table_access_method = heap;

--
-- Name: auth_group; Type: TABLE; Schema: public; Owner: postgres
--

CREATE TABLE public.auth_group (
    id integer NOT NULL,
    name character varying(150) NOT NULL
);


ALTER TABLE public.auth_group OWNER TO postgres;

--
-- Name: auth_group_id_seq; Type: SEQUENCE; Schema: public; Owner: postgres
--

ALTER TABLE public.auth_group ALTER COLUMN id ADD GENERATED BY DEFAULT AS IDENTITY (
    SEQUENCE NAME public.auth_group_id_seq
    START WITH 1
    INCREMENT BY 1
    NO MINVALUE
    NO MAXVALUE
    CACHE 1
);


--
-- Name: auth_group_permissions; Type: TABLE; Schema: public; Owner: postgres
--

CREATE TABLE public.auth_group_permissions (
    id bigint NOT NULL,
    group_id integer NOT NULL,
    permission_id integer NOT NULL
);


ALTER TABLE public.auth_group_permissions OWNER TO postgres;

--
-- Name: auth_group_permissions_id_seq; Type: SEQUENCE; Schema: public; Owner: postgres
--

ALTER TABLE public.auth_group_permissions ALTER COLUMN id ADD GENERATED BY DEFAULT AS IDENTITY (
    SEQUENCE NAME public.auth_group_permissions_id_seq
    START WITH 1
    INCREMENT BY 1
    NO MINVALUE
    NO MAXVALUE
    CACHE 1
);


--
-- Name: auth_permission; Type: TABLE; Schema: public; Owner: postgres
--

CREATE TABLE public.auth_permission (
    id integer NOT NULL,
    name character varying(255) NOT NULL,
    content_type_id integer NOT NULL,
    codename character varying(100) NOT NULL
);


ALTER TABLE public.auth_permission OWNER TO postgres;

--
-- Name: auth_permission_id_seq; Type: SEQUENCE; Schema: public; Owner: postgres
--

ALTER TABLE public.auth_permission ALTER COLUMN id ADD GENERATED BY DEFAULT AS IDENTITY (
    SEQUENCE NAME public.auth_permission_id_seq
    START WITH 1
    INCREMENT BY 1
    NO MINVALUE
    NO MAXVALUE
    CACHE 1
);


--
-- Name: auth_user; Type: TABLE; Schema: public; Owner: postgres
--

CREATE TABLE public.auth_user (
    id integer NOT NULL,
    password character varying(128) NOT NULL,
    last_login timestamp with time zone,
    is_superuser boolean NOT NULL,
    username character varying(150) NOT NULL,
    first_name character varying(150) NOT NULL,
    last_name character varying(150) NOT NULL,
    email character varying(254) NOT NULL,
    is_staff boolean NOT NULL,
    is_active boolean NOT NULL,
    date_joined timestamp with time zone NOT NULL
);


ALTER TABLE public.auth_user OWNER TO postgres;

--
-- Name: auth_user_groups; Type: TABLE; Schema: public; Owner: postgres
--

CREATE TABLE public.auth_user_groups (
    id bigint NOT NULL,
    user_id integer NOT NULL,
    group_id integer NOT NULL
);


ALTER TABLE public.auth_user_groups OWNER TO postgres;

--
-- Name: auth_user_groups_id_seq; Type: SEQUENCE; Schema: public; Owner: postgres
--

ALTER TABLE public.auth_user_groups ALTER COLUMN id ADD GENERATED BY DEFAULT AS IDENTITY (
    SEQUENCE NAME public.auth_user_groups_id_seq
    START WITH 1
    INCREMENT BY 1
    NO MINVALUE
    NO MAXVALUE
    CACHE 1
);


--
-- Name: auth_user_id_seq; Type: SEQUENCE; Schema: public; Owner: postgres
--

ALTER TABLE public.auth_user ALTER COLUMN id ADD GENERATED BY DEFAULT AS IDENTITY (
    SEQUENCE NAME public.auth_user_id_seq
    START WITH 1
    INCREMENT BY 1
    NO MINVALUE
    NO MAXVALUE
    CACHE 1
);


--
-- Name: auth_user_user_permissions; Type: TABLE; Schema: public; Owner: postgres
--

CREATE TABLE public.auth_user_user_permissions (
    id bigint NOT NULL,
    user_id integer NOT NULL,
    permission_id integer NOT NULL
);


ALTER TABLE public.auth_user_user_permissions OWNER TO postgres;

--
-- Name: auth_user_user_permissions_id_seq; Type: SEQUENCE; Schema: public; Owner: postgres
--

ALTER TABLE public.auth_user_user_permissions ALTER COLUMN id ADD GENERATED BY DEFAULT AS IDENTITY (
    SEQUENCE NAME public.auth_user_user_permissions_id_seq
    START WITH 1
    INCREMENT BY 1
    NO MINVALUE
    NO MAXVALUE
    CACHE 1
);


--
-- Name: django_admin_log; Type: TABLE; Schema: public; Owner: postgres
--

CREATE TABLE public.django_admin_log (
    id integer NOT NULL,
    action_time timestamp with time zone NOT NULL,
    object_id text,
    object_repr character varying(200) NOT NULL,
    action_flag smallint NOT NULL,
    change_message text NOT NULL,
    content_type_id integer,
    user_id integer NOT NULL,
    CONSTRAINT django_admin_log_action_flag_check CHECK ((action_flag >= 0))
);


ALTER TABLE public.django_admin_log OWNER TO postgres;

--
-- Name: django_admin_log_id_seq; Type: SEQUENCE; Schema: public; Owner: postgres
--

ALTER TABLE public.django_admin_log ALTER COLUMN id ADD GENERATED BY DEFAULT AS IDENTITY (
    SEQUENCE NAME public.django_admin_log_id_seq
    START WITH 1
    INCREMENT BY 1
    NO MINVALUE
    NO MAXVALUE
    CACHE 1
);


--
-- Name: django_content_type; Type: TABLE; Schema: public; Owner: postgres
--

CREATE TABLE public.django_content_type (
    id integer NOT NULL,
    app_label character varying(100) NOT NULL,
    model character varying(100) NOT NULL
);


ALTER TABLE public.django_content_type OWNER TO postgres;

--
-- Name: django_content_type_id_seq; Type: SEQUENCE; Schema: public; Owner: postgres
--

ALTER TABLE public.django_content_type ALTER COLUMN id ADD GENERATED BY DEFAULT AS IDENTITY (
    SEQUENCE NAME public.django_content_type_id_seq
    START WITH 1
    INCREMENT BY 1
    NO MINVALUE
    NO MAXVALUE
    CACHE 1
);


--
-- Name: django_migrations; Type: TABLE; Schema: public; Owner: postgres
--

CREATE TABLE public.django_migrations (
    id bigint NOT NULL,
    app character varying(255) NOT NULL,
    name character varying(255) NOT NULL,
    applied timestamp with time zone NOT NULL
);


ALTER TABLE public.django_migrations OWNER TO postgres;

--
-- Name: django_migrations_id_seq; Type: SEQUENCE; Schema: public; Owner: postgres
--

ALTER TABLE public.django_migrations ALTER COLUMN id ADD GENERATED BY DEFAULT AS IDENTITY (
    SEQUENCE NAME public.django_migrations_id_seq
    START WITH 1
    INCREMENT BY 1
    NO MINVALUE
    NO MAXVALUE
    CACHE 1
);


--
-- Name: django_session; Type: TABLE; Schema: public; Owner: postgres
--

CREATE TABLE public.django_session (
    session_key character varying(40) NOT NULL,
    session_data text NOT NULL,
    expire_date timestamp with time zone NOT NULL
);


ALTER TABLE public.django_session OWNER TO postgres;

--
-- Name: shop_billing; Type: TABLE; Schema: public; Owner: postgres
--

CREATE TABLE public.shop_billing (
    id bigint NOT NULL,
    nif character varying(100) NOT NULL,
    address character varying(100) NOT NULL,
    city character varying(100) NOT NULL,
    zip character varying(100) NOT NULL,
    country character varying(100) NOT NULL,
    sale_id bigint NOT NULL
);


ALTER TABLE public.shop_billing OWNER TO postgres;

--
-- Name: shop_billing_id_seq; Type: SEQUENCE; Schema: public; Owner: postgres
--

ALTER TABLE public.shop_billing ALTER COLUMN id ADD GENERATED BY DEFAULT AS IDENTITY (
    SEQUENCE NAME public.shop_billing_id_seq
    START WITH 1
    INCREMENT BY 1
    NO MINVALUE
    NO MAXVALUE
    CACHE 1
);


--
-- Name: shop_cart_item; Type: TABLE; Schema: public; Owner: postgres
--

CREATE TABLE public.shop_cart_item (
    id bigint NOT NULL,
    quantity integer NOT NULL,
    product_id integer NOT NULL,
    user_id integer NOT NULL
);


ALTER TABLE public.shop_cart_item OWNER TO postgres;

--
-- Name: shop_cart_item_id_seq; Type: SEQUENCE; Schema: public; Owner: postgres
--

ALTER TABLE public.shop_cart_item ALTER COLUMN id ADD GENERATED BY DEFAULT AS IDENTITY (
    SEQUENCE NAME public.shop_cart_item_id_seq
    START WITH 1
    INCREMENT BY 1
    NO MINVALUE
    NO MAXVALUE
    CACHE 1
);


--
-- Name: shop_product; Type: TABLE; Schema: public; Owner: postgres
--

CREATE TABLE public.shop_product (
    id integer NOT NULL,
    price numeric(10,2) NOT NULL,
    promo integer NOT NULL,
    stock integer NOT NULL
);


ALTER TABLE public.shop_product OWNER TO postgres;

--
-- Name: shop_product_id_seq; Type: SEQUENCE; Schema: public; Owner: postgres
--

ALTER TABLE public.shop_product ALTER COLUMN id ADD GENERATED BY DEFAULT AS IDENTITY (
    SEQUENCE NAME public.shop_product_id_seq
    START WITH 1
    INCREMENT BY 1
    NO MINVALUE
    NO MAXVALUE
    CACHE 1
);


--
-- Name: shop_sales; Type: TABLE; Schema: public; Owner: postgres
--

CREATE TABLE public.shop_sales (
    id bigint NOT NULL,
    date timestamp with time zone NOT NULL,
    user_id integer NOT NULL,
    state character varying(50) NOT NULL
);


ALTER TABLE public.shop_sales OWNER TO postgres;

--
-- Name: shop_sales_id_seq; Type: SEQUENCE; Schema: public; Owner: postgres
--

ALTER TABLE public.shop_sales ALTER COLUMN id ADD GENERATED BY DEFAULT AS IDENTITY (
    SEQUENCE NAME public.shop_sales_id_seq
    START WITH 1
    INCREMENT BY 1
    NO MINVALUE
    NO MAXVALUE
    CACHE 1
);


--
-- Name: shop_sales_item; Type: TABLE; Schema: public; Owner: postgres
--

CREATE TABLE public.shop_sales_item (
    id bigint NOT NULL,
    price numeric(10,2) NOT NULL,
    quantity integer NOT NULL,
    product_id integer NOT NULL,
    sale_id bigint NOT NULL,
    promo integer NOT NULL
);


ALTER TABLE public.shop_sales_item OWNER TO postgres;

--
-- Name: shop_sales_item_id_seq; Type: SEQUENCE; Schema: public; Owner: postgres
--

ALTER TABLE public.shop_sales_item ALTER COLUMN id ADD GENERATED BY DEFAULT AS IDENTITY (
    SEQUENCE NAME public.shop_sales_item_id_seq
    START WITH 1
    INCREMENT BY 1
    NO MINVALUE
    NO MAXVALUE
    CACHE 1
);


--
-- Name: shop_shipping; Type: TABLE; Schema: public; Owner: postgres
--

CREATE TABLE public.shop_shipping (
    id bigint NOT NULL,
    address character varying(100) NOT NULL,
    city character varying(100) NOT NULL,
    zip character varying(100) NOT NULL,
    country character varying(100) NOT NULL,
    sale_id bigint NOT NULL
);


ALTER TABLE public.shop_shipping OWNER TO postgres;

--
-- Name: shop_shipping_id_seq; Type: SEQUENCE; Schema: public; Owner: postgres
--

ALTER TABLE public.shop_shipping ALTER COLUMN id ADD GENERATED BY DEFAULT AS IDENTITY (
    SEQUENCE NAME public.shop_shipping_id_seq
    START WITH 1
    INCREMENT BY 1
    NO MINVALUE
    NO MAXVALUE
    CACHE 1
);


--
-- Data for Name: auth_group; Type: TABLE DATA; Schema: public; Owner: postgres
--

COPY public.auth_group (id, name) FROM stdin;
\.


--
-- Data for Name: auth_group_permissions; Type: TABLE DATA; Schema: public; Owner: postgres
--

COPY public.auth_group_permissions (id, group_id, permission_id) FROM stdin;
\.


--
-- Data for Name: auth_permission; Type: TABLE DATA; Schema: public; Owner: postgres
--

COPY public.auth_permission (id, name, content_type_id, codename) FROM stdin;
1	Can add product	1	add_product
2	Can change product	1	change_product
3	Can delete product	1	delete_product
4	Can view product	1	view_product
5	Can add sales	2	add_sales
6	Can change sales	2	change_sales
7	Can delete sales	2	delete_sales
8	Can view sales	2	view_sales
9	Can add sales_ item	3	add_sales_item
10	Can change sales_ item	3	change_sales_item
11	Can delete sales_ item	3	delete_sales_item
12	Can view sales_ item	3	view_sales_item
13	Can add cart_ item	4	add_cart_item
14	Can change cart_ item	4	change_cart_item
15	Can delete cart_ item	4	delete_cart_item
16	Can view cart_ item	4	view_cart_item
17	Can add shipping	5	add_shipping
18	Can change shipping	5	change_shipping
19	Can delete shipping	5	delete_shipping
20	Can view shipping	5	view_shipping
21	Can add billing	6	add_billing
22	Can change billing	6	change_billing
23	Can delete billing	6	delete_billing
24	Can view billing	6	view_billing
25	Can add log entry	7	add_logentry
26	Can change log entry	7	change_logentry
27	Can delete log entry	7	delete_logentry
28	Can view log entry	7	view_logentry
29	Can add permission	8	add_permission
30	Can change permission	8	change_permission
31	Can delete permission	8	delete_permission
32	Can view permission	8	view_permission
33	Can add group	9	add_group
34	Can change group	9	change_group
35	Can delete group	9	delete_group
36	Can view group	9	view_group
37	Can add user	10	add_user
38	Can change user	10	change_user
39	Can delete user	10	delete_user
40	Can view user	10	view_user
41	Can add content type	11	add_contenttype
42	Can change content type	11	change_contenttype
43	Can delete content type	11	delete_contenttype
44	Can view content type	11	view_contenttype
45	Can add session	12	add_session
46	Can change session	12	change_session
47	Can delete session	12	delete_session
48	Can view session	12	view_session
\.


--
-- Data for Name: auth_user; Type: TABLE DATA; Schema: public; Owner: postgres
--

COPY public.auth_user (id, password, last_login, is_superuser, username, first_name, last_name, email, is_staff, is_active, date_joined) FROM stdin;
2	pbkdf2_sha256$390000$fZszBtTuPoPozUbumReeVK$6FAJTJ8GHwT279eYbiScnZTTEpkNPiVrmEGd7o2RsZE=	\N	f	User	User	Bar	user@gmail.com	f	t	2023-01-30 16:40:24.632777+00
3	pbkdf2_sha256$390000$7tClxu9XwzFKXnu26cC9MO$NNx4iTvqFk0Wd3Ma1LATd/SHs/qChUMs37HsCkNMYIA=	\N	f	Partner 1	Partner	Inou	Partnet@gmail.com	f	t	2023-01-30 16:40:55.020138+00
4	pbkdf2_sha256$390000$Ue9WIcWcR1GGoROO9uzwPU$L/kVKD7+Cphg3MKdRhmUZ9M0Zu7RQ2fgxWvfL0OEMn4=	\N	f	Inactive	In	Active	inactive@gmail.com	f	f	2023-01-30 16:41:59.91079+00
1	pbkdf2_sha256$390000$ZjJ8bq3Vcn4xingGHeG3u1$KMkZPuD32qdOpFW+ATUfBvOB74i3Ma4jUU3MwskDtGU=	2023-01-30 16:51:12.008354+00	t	alex	Alex	Santos	Alex@gmail.com	f	t	2023-01-30 16:20:28.344752+00
5	pbkdf2_sha256$390000$5SewEElyX0tfjzyz7EVlhZ$lqE3jOO/aCEW/EVsgEQXZn37I0rHH9CI1YG6zyJY0FY=	\N	f	Comercial 1	Comercial	Comercial	Comercial@lojinha.com	f	t	2023-01-30 16:54:01.974274+00
6	pbkdf2_sha256$390000$ifVG5T7EjQ0V2KAr448HkD$N8LDg8NHrv4fdyqs9gdd5qBryfC7E1kW6QAJaUp955s=	\N	f	pending	pending	pending	pending@partner.com	f	f	2023-01-30 16:55:06.413481+00
7	pbkdf2_sha256$390000$05BKZSUEUMmSN7k6OWWUL1$RhfikI5Z4UdIdlPT8khJngEc/VrTJKLGgsJsfbXHk7o=	2023-01-30 16:55:38.037177+00	f	Alex2	Alex	AAAA	Alex@gg.com	f	t	2023-01-30 16:55:37.652576+00
\.


--
-- Data for Name: auth_user_groups; Type: TABLE DATA; Schema: public; Owner: postgres
--

COPY public.auth_user_groups (id, user_id, group_id) FROM stdin;
\.


--
-- Data for Name: auth_user_user_permissions; Type: TABLE DATA; Schema: public; Owner: postgres
--

COPY public.auth_user_user_permissions (id, user_id, permission_id) FROM stdin;
\.


--
-- Data for Name: django_admin_log; Type: TABLE DATA; Schema: public; Owner: postgres
--

COPY public.django_admin_log (id, action_time, object_id, object_repr, action_flag, change_message, content_type_id, user_id) FROM stdin;
\.


--
-- Data for Name: django_content_type; Type: TABLE DATA; Schema: public; Owner: postgres
--

COPY public.django_content_type (id, app_label, model) FROM stdin;
1	shop	product
2	shop	sales
3	shop	sales_item
4	shop	cart_item
5	shop	shipping
6	shop	billing
7	admin	logentry
8	auth	permission
9	auth	group
10	auth	user
11	contenttypes	contenttype
12	sessions	session
\.


--
-- Data for Name: django_migrations; Type: TABLE DATA; Schema: public; Owner: postgres
--

COPY public.django_migrations (id, app, name, applied) FROM stdin;
1	contenttypes	0001_initial	2023-01-30 16:19:24.48783+00
2	auth	0001_initial	2023-01-30 16:19:24.660483+00
3	admin	0001_initial	2023-01-30 16:19:24.742715+00
4	admin	0002_logentry_remove_auto_add	2023-01-30 16:19:24.76312+00
5	admin	0003_logentry_add_action_flag_choices	2023-01-30 16:19:24.783813+00
6	contenttypes	0002_remove_content_type_name	2023-01-30 16:19:24.814725+00
7	auth	0002_alter_permission_name_max_length	2023-01-30 16:19:24.839019+00
8	auth	0003_alter_user_email_max_length	2023-01-30 16:19:24.868239+00
9	auth	0004_alter_user_username_opts	2023-01-30 16:19:24.919964+00
10	auth	0005_alter_user_last_login_null	2023-01-30 16:19:24.942819+00
11	auth	0006_require_contenttypes_0002	2023-01-30 16:19:24.952416+00
12	auth	0007_alter_validators_add_error_messages	2023-01-30 16:19:24.977238+00
13	auth	0008_alter_user_username_max_length	2023-01-30 16:19:25.000654+00
14	auth	0009_alter_user_last_name_max_length	2023-01-30 16:19:25.02541+00
15	auth	0010_alter_group_name_max_length	2023-01-30 16:19:25.049347+00
16	auth	0011_update_proxy_permissions	2023-01-30 16:19:25.072002+00
17	auth	0012_alter_user_first_name_max_length	2023-01-30 16:19:25.096542+00
18	sessions	0001_initial	2023-01-30 16:19:25.142112+00
19	shop	0001_initial	2023-01-30 16:19:25.264103+00
20	shop	0002_sales_state_sales_item_promo	2023-01-30 16:19:25.283072+00
21	shop	0003_shipping_billing	2023-01-30 16:19:25.361475+00
22	shop	0004_alter_sales_state	2023-01-30 16:19:25.380441+00
\.


--
-- Data for Name: django_session; Type: TABLE DATA; Schema: public; Owner: postgres
--

COPY public.django_session (session_key, session_data, expire_date) FROM stdin;
sp5id7zrkfzc03sk3hz9g145q4j7g5ou	.eJxVjDsOwjAQBe_iGll24i8lPWewdr1eHECOFCcV4u4QKQW0b2beSyTY1pq2XpY0kTgLL06_G0J-lLYDukO7zTLPbV0mlLsiD9rldabyvBzu30GFXr91HhDZIJWgA_gxaLCgOYIZHFoTfCQOVpno2BCrUdtCqCxncMjOkhLvD_sPOGs:1pMXRS:qPtG5aOjtj4rXZ7ED5cfQiLpjVG7qahd5iWpeQSPhfk	2023-02-13 16:55:38.039047+00
\.


--
-- Data for Name: shop_billing; Type: TABLE DATA; Schema: public; Owner: postgres
--

COPY public.shop_billing (id, nif, address, city, zip, country, sale_id) FROM stdin;
\.


--
-- Data for Name: shop_cart_item; Type: TABLE DATA; Schema: public; Owner: postgres
--

COPY public.shop_cart_item (id, quantity, product_id, user_id) FROM stdin;
\.


--
-- Data for Name: shop_product; Type: TABLE DATA; Schema: public; Owner: postgres
--

COPY public.shop_product (id, price, promo, stock) FROM stdin;
1	23.00	0	12
2	10.00	0	34
\.


--
-- Data for Name: shop_sales; Type: TABLE DATA; Schema: public; Owner: postgres
--

COPY public.shop_sales (id, date, user_id, state) FROM stdin;
\.


--
-- Data for Name: shop_sales_item; Type: TABLE DATA; Schema: public; Owner: postgres
--

COPY public.shop_sales_item (id, price, quantity, product_id, sale_id, promo) FROM stdin;
\.


--
-- Data for Name: shop_shipping; Type: TABLE DATA; Schema: public; Owner: postgres
--

COPY public.shop_shipping (id, address, city, zip, country, sale_id) FROM stdin;
\.


--
-- Name: auth_group_id_seq; Type: SEQUENCE SET; Schema: public; Owner: postgres
--

SELECT pg_catalog.setval('public.auth_group_id_seq', 1, false);


--
-- Name: auth_group_permissions_id_seq; Type: SEQUENCE SET; Schema: public; Owner: postgres
--

SELECT pg_catalog.setval('public.auth_group_permissions_id_seq', 1, false);


--
-- Name: auth_permission_id_seq; Type: SEQUENCE SET; Schema: public; Owner: postgres
--

SELECT pg_catalog.setval('public.auth_permission_id_seq', 48, true);


--
-- Name: auth_user_groups_id_seq; Type: SEQUENCE SET; Schema: public; Owner: postgres
--

SELECT pg_catalog.setval('public.auth_user_groups_id_seq', 1, false);


--
-- Name: auth_user_id_seq; Type: SEQUENCE SET; Schema: public; Owner: postgres
--

SELECT pg_catalog.setval('public.auth_user_id_seq', 7, true);


--
-- Name: auth_user_user_permissions_id_seq; Type: SEQUENCE SET; Schema: public; Owner: postgres
--

SELECT pg_catalog.setval('public.auth_user_user_permissions_id_seq', 1, false);


--
-- Name: django_admin_log_id_seq; Type: SEQUENCE SET; Schema: public; Owner: postgres
--

SELECT pg_catalog.setval('public.django_admin_log_id_seq', 1, false);


--
-- Name: django_content_type_id_seq; Type: SEQUENCE SET; Schema: public; Owner: postgres
--

SELECT pg_catalog.setval('public.django_content_type_id_seq', 12, true);


--
-- Name: django_migrations_id_seq; Type: SEQUENCE SET; Schema: public; Owner: postgres
--

SELECT pg_catalog.setval('public.django_migrations_id_seq', 22, true);


--
-- Name: shop_billing_id_seq; Type: SEQUENCE SET; Schema: public; Owner: postgres
--

SELECT pg_catalog.setval('public.shop_billing_id_seq', 1, false);


--
-- Name: shop_cart_item_id_seq; Type: SEQUENCE SET; Schema: public; Owner: postgres
--

SELECT pg_catalog.setval('public.shop_cart_item_id_seq', 1, false);


--
-- Name: shop_product_id_seq; Type: SEQUENCE SET; Schema: public; Owner: postgres
--

SELECT pg_catalog.setval('public.shop_product_id_seq', 2, true);


--
-- Name: shop_sales_id_seq; Type: SEQUENCE SET; Schema: public; Owner: postgres
--

SELECT pg_catalog.setval('public.shop_sales_id_seq', 1, false);


--
-- Name: shop_sales_item_id_seq; Type: SEQUENCE SET; Schema: public; Owner: postgres
--

SELECT pg_catalog.setval('public.shop_sales_item_id_seq', 1, false);


--
-- Name: shop_shipping_id_seq; Type: SEQUENCE SET; Schema: public; Owner: postgres
--

SELECT pg_catalog.setval('public.shop_shipping_id_seq', 1, false);


--
-- Name: auth_group auth_group_name_key; Type: CONSTRAINT; Schema: public; Owner: postgres
--

ALTER TABLE ONLY public.auth_group
    ADD CONSTRAINT auth_group_name_key UNIQUE (name);


--
-- Name: auth_group_permissions auth_group_permissions_group_id_permission_id_0cd325b0_uniq; Type: CONSTRAINT; Schema: public; Owner: postgres
--

ALTER TABLE ONLY public.auth_group_permissions
    ADD CONSTRAINT auth_group_permissions_group_id_permission_id_0cd325b0_uniq UNIQUE (group_id, permission_id);


--
-- Name: auth_group_permissions auth_group_permissions_pkey; Type: CONSTRAINT; Schema: public; Owner: postgres
--

ALTER TABLE ONLY public.auth_group_permissions
    ADD CONSTRAINT auth_group_permissions_pkey PRIMARY KEY (id);


--
-- Name: auth_group auth_group_pkey; Type: CONSTRAINT; Schema: public; Owner: postgres
--

ALTER TABLE ONLY public.auth_group
    ADD CONSTRAINT auth_group_pkey PRIMARY KEY (id);


--
-- Name: auth_permission auth_permission_content_type_id_codename_01ab375a_uniq; Type: CONSTRAINT; Schema: public; Owner: postgres
--

ALTER TABLE ONLY public.auth_permission
    ADD CONSTRAINT auth_permission_content_type_id_codename_01ab375a_uniq UNIQUE (content_type_id, codename);


--
-- Name: auth_permission auth_permission_pkey; Type: CONSTRAINT; Schema: public; Owner: postgres
--

ALTER TABLE ONLY public.auth_permission
    ADD CONSTRAINT auth_permission_pkey PRIMARY KEY (id);


--
-- Name: auth_user_groups auth_user_groups_pkey; Type: CONSTRAINT; Schema: public; Owner: postgres
--

ALTER TABLE ONLY public.auth_user_groups
    ADD CONSTRAINT auth_user_groups_pkey PRIMARY KEY (id);


--
-- Name: auth_user_groups auth_user_groups_user_id_group_id_94350c0c_uniq; Type: CONSTRAINT; Schema: public; Owner: postgres
--

ALTER TABLE ONLY public.auth_user_groups
    ADD CONSTRAINT auth_user_groups_user_id_group_id_94350c0c_uniq UNIQUE (user_id, group_id);


--
-- Name: auth_user auth_user_pkey; Type: CONSTRAINT; Schema: public; Owner: postgres
--

ALTER TABLE ONLY public.auth_user
    ADD CONSTRAINT auth_user_pkey PRIMARY KEY (id);


--
-- Name: auth_user_user_permissions auth_user_user_permissions_pkey; Type: CONSTRAINT; Schema: public; Owner: postgres
--

ALTER TABLE ONLY public.auth_user_user_permissions
    ADD CONSTRAINT auth_user_user_permissions_pkey PRIMARY KEY (id);


--
-- Name: auth_user_user_permissions auth_user_user_permissions_user_id_permission_id_14a6b632_uniq; Type: CONSTRAINT; Schema: public; Owner: postgres
--

ALTER TABLE ONLY public.auth_user_user_permissions
    ADD CONSTRAINT auth_user_user_permissions_user_id_permission_id_14a6b632_uniq UNIQUE (user_id, permission_id);


--
-- Name: auth_user auth_user_username_key; Type: CONSTRAINT; Schema: public; Owner: postgres
--

ALTER TABLE ONLY public.auth_user
    ADD CONSTRAINT auth_user_username_key UNIQUE (username);


--
-- Name: django_admin_log django_admin_log_pkey; Type: CONSTRAINT; Schema: public; Owner: postgres
--

ALTER TABLE ONLY public.django_admin_log
    ADD CONSTRAINT django_admin_log_pkey PRIMARY KEY (id);


--
-- Name: django_content_type django_content_type_app_label_model_76bd3d3b_uniq; Type: CONSTRAINT; Schema: public; Owner: postgres
--

ALTER TABLE ONLY public.django_content_type
    ADD CONSTRAINT django_content_type_app_label_model_76bd3d3b_uniq UNIQUE (app_label, model);


--
-- Name: django_content_type django_content_type_pkey; Type: CONSTRAINT; Schema: public; Owner: postgres
--

ALTER TABLE ONLY public.django_content_type
    ADD CONSTRAINT django_content_type_pkey PRIMARY KEY (id);


--
-- Name: django_migrations django_migrations_pkey; Type: CONSTRAINT; Schema: public; Owner: postgres
--

ALTER TABLE ONLY public.django_migrations
    ADD CONSTRAINT django_migrations_pkey PRIMARY KEY (id);


--
-- Name: django_session django_session_pkey; Type: CONSTRAINT; Schema: public; Owner: postgres
--

ALTER TABLE ONLY public.django_session
    ADD CONSTRAINT django_session_pkey PRIMARY KEY (session_key);


--
-- Name: shop_billing shop_billing_pkey; Type: CONSTRAINT; Schema: public; Owner: postgres
--

ALTER TABLE ONLY public.shop_billing
    ADD CONSTRAINT shop_billing_pkey PRIMARY KEY (id);


--
-- Name: shop_cart_item shop_cart_item_pkey; Type: CONSTRAINT; Schema: public; Owner: postgres
--

ALTER TABLE ONLY public.shop_cart_item
    ADD CONSTRAINT shop_cart_item_pkey PRIMARY KEY (id);


--
-- Name: shop_product shop_product_pkey; Type: CONSTRAINT; Schema: public; Owner: postgres
--

ALTER TABLE ONLY public.shop_product
    ADD CONSTRAINT shop_product_pkey PRIMARY KEY (id);


--
-- Name: shop_sales_item shop_sales_item_pkey; Type: CONSTRAINT; Schema: public; Owner: postgres
--

ALTER TABLE ONLY public.shop_sales_item
    ADD CONSTRAINT shop_sales_item_pkey PRIMARY KEY (id);


--
-- Name: shop_sales shop_sales_pkey; Type: CONSTRAINT; Schema: public; Owner: postgres
--

ALTER TABLE ONLY public.shop_sales
    ADD CONSTRAINT shop_sales_pkey PRIMARY KEY (id);


--
-- Name: shop_shipping shop_shipping_pkey; Type: CONSTRAINT; Schema: public; Owner: postgres
--

ALTER TABLE ONLY public.shop_shipping
    ADD CONSTRAINT shop_shipping_pkey PRIMARY KEY (id);


--
-- Name: auth_group_name_a6ea08ec_like; Type: INDEX; Schema: public; Owner: postgres
--

CREATE INDEX auth_group_name_a6ea08ec_like ON public.auth_group USING btree (name varchar_pattern_ops);


--
-- Name: auth_group_permissions_group_id_b120cbf9; Type: INDEX; Schema: public; Owner: postgres
--

CREATE INDEX auth_group_permissions_group_id_b120cbf9 ON public.auth_group_permissions USING btree (group_id);


--
-- Name: auth_group_permissions_permission_id_84c5c92e; Type: INDEX; Schema: public; Owner: postgres
--

CREATE INDEX auth_group_permissions_permission_id_84c5c92e ON public.auth_group_permissions USING btree (permission_id);


--
-- Name: auth_permission_content_type_id_2f476e4b; Type: INDEX; Schema: public; Owner: postgres
--

CREATE INDEX auth_permission_content_type_id_2f476e4b ON public.auth_permission USING btree (content_type_id);


--
-- Name: auth_user_groups_group_id_97559544; Type: INDEX; Schema: public; Owner: postgres
--

CREATE INDEX auth_user_groups_group_id_97559544 ON public.auth_user_groups USING btree (group_id);


--
-- Name: auth_user_groups_user_id_6a12ed8b; Type: INDEX; Schema: public; Owner: postgres
--

CREATE INDEX auth_user_groups_user_id_6a12ed8b ON public.auth_user_groups USING btree (user_id);


--
-- Name: auth_user_user_permissions_permission_id_1fbb5f2c; Type: INDEX; Schema: public; Owner: postgres
--

CREATE INDEX auth_user_user_permissions_permission_id_1fbb5f2c ON public.auth_user_user_permissions USING btree (permission_id);


--
-- Name: auth_user_user_permissions_user_id_a95ead1b; Type: INDEX; Schema: public; Owner: postgres
--

CREATE INDEX auth_user_user_permissions_user_id_a95ead1b ON public.auth_user_user_permissions USING btree (user_id);


--
-- Name: auth_user_username_6821ab7c_like; Type: INDEX; Schema: public; Owner: postgres
--

CREATE INDEX auth_user_username_6821ab7c_like ON public.auth_user USING btree (username varchar_pattern_ops);


--
-- Name: django_admin_log_content_type_id_c4bce8eb; Type: INDEX; Schema: public; Owner: postgres
--

CREATE INDEX django_admin_log_content_type_id_c4bce8eb ON public.django_admin_log USING btree (content_type_id);


--
-- Name: django_admin_log_user_id_c564eba6; Type: INDEX; Schema: public; Owner: postgres
--

CREATE INDEX django_admin_log_user_id_c564eba6 ON public.django_admin_log USING btree (user_id);


--
-- Name: django_session_expire_date_a5c62663; Type: INDEX; Schema: public; Owner: postgres
--

CREATE INDEX django_session_expire_date_a5c62663 ON public.django_session USING btree (expire_date);


--
-- Name: django_session_session_key_c0390e0f_like; Type: INDEX; Schema: public; Owner: postgres
--

CREATE INDEX django_session_session_key_c0390e0f_like ON public.django_session USING btree (session_key varchar_pattern_ops);


--
-- Name: shop_billing_sale_id_9a749135; Type: INDEX; Schema: public; Owner: postgres
--

CREATE INDEX shop_billing_sale_id_9a749135 ON public.shop_billing USING btree (sale_id);


--
-- Name: shop_cart_item_product_id_c640b838; Type: INDEX; Schema: public; Owner: postgres
--

CREATE INDEX shop_cart_item_product_id_c640b838 ON public.shop_cart_item USING btree (product_id);


--
-- Name: shop_cart_item_user_id_069dfd9c; Type: INDEX; Schema: public; Owner: postgres
--

CREATE INDEX shop_cart_item_user_id_069dfd9c ON public.shop_cart_item USING btree (user_id);


--
-- Name: shop_sales_item_product_id_56528f3b; Type: INDEX; Schema: public; Owner: postgres
--

CREATE INDEX shop_sales_item_product_id_56528f3b ON public.shop_sales_item USING btree (product_id);


--
-- Name: shop_sales_item_sale_id_5a727ecd; Type: INDEX; Schema: public; Owner: postgres
--

CREATE INDEX shop_sales_item_sale_id_5a727ecd ON public.shop_sales_item USING btree (sale_id);


--
-- Name: shop_sales_user_id_e48bdb03; Type: INDEX; Schema: public; Owner: postgres
--

CREATE INDEX shop_sales_user_id_e48bdb03 ON public.shop_sales USING btree (user_id);


--
-- Name: shop_shipping_sale_id_904633c7; Type: INDEX; Schema: public; Owner: postgres
--

CREATE INDEX shop_shipping_sale_id_904633c7 ON public.shop_shipping USING btree (sale_id);



--
-- Name: auth_group_permissions auth_group_permissio_permission_id_84c5c92e_fk_auth_perm; Type: FK CONSTRAINT; Schema: public; Owner: postgres
--

ALTER TABLE ONLY public.auth_group_permissions
    ADD CONSTRAINT auth_group_permissio_permission_id_84c5c92e_fk_auth_perm FOREIGN KEY (permission_id) REFERENCES public.auth_permission(id) DEFERRABLE INITIALLY DEFERRED;


--
-- Name: auth_group_permissions auth_group_permissions_group_id_b120cbf9_fk_auth_group_id; Type: FK CONSTRAINT; Schema: public; Owner: postgres
--

ALTER TABLE ONLY public.auth_group_permissions
    ADD CONSTRAINT auth_group_permissions_group_id_b120cbf9_fk_auth_group_id FOREIGN KEY (group_id) REFERENCES public.auth_group(id) DEFERRABLE INITIALLY DEFERRED;


--
-- Name: auth_permission auth_permission_content_type_id_2f476e4b_fk_django_co; Type: FK CONSTRAINT; Schema: public; Owner: postgres
--

ALTER TABLE ONLY public.auth_permission
    ADD CONSTRAINT auth_permission_content_type_id_2f476e4b_fk_django_co FOREIGN KEY (content_type_id) REFERENCES public.django_content_type(id) DEFERRABLE INITIALLY DEFERRED;


--
-- Name: auth_user_groups auth_user_groups_group_id_97559544_fk_auth_group_id; Type: FK CONSTRAINT; Schema: public; Owner: postgres
--

ALTER TABLE ONLY public.auth_user_groups
    ADD CONSTRAINT auth_user_groups_group_id_97559544_fk_auth_group_id FOREIGN KEY (group_id) REFERENCES public.auth_group(id) DEFERRABLE INITIALLY DEFERRED;


--
-- Name: auth_user_groups auth_user_groups_user_id_6a12ed8b_fk_auth_user_id; Type: FK CONSTRAINT; Schema: public; Owner: postgres
--

ALTER TABLE ONLY public.auth_user_groups
    ADD CONSTRAINT auth_user_groups_user_id_6a12ed8b_fk_auth_user_id FOREIGN KEY (user_id) REFERENCES public.auth_user(id) DEFERRABLE INITIALLY DEFERRED;


--
-- Name: auth_user_user_permissions auth_user_user_permi_permission_id_1fbb5f2c_fk_auth_perm; Type: FK CONSTRAINT; Schema: public; Owner: postgres
--

ALTER TABLE ONLY public.auth_user_user_permissions
    ADD CONSTRAINT auth_user_user_permi_permission_id_1fbb5f2c_fk_auth_perm FOREIGN KEY (permission_id) REFERENCES public.auth_permission(id) DEFERRABLE INITIALLY DEFERRED;


--
-- Name: auth_user_user_permissions auth_user_user_permissions_user_id_a95ead1b_fk_auth_user_id; Type: FK CONSTRAINT; Schema: public; Owner: postgres
--

ALTER TABLE ONLY public.auth_user_user_permissions
    ADD CONSTRAINT auth_user_user_permissions_user_id_a95ead1b_fk_auth_user_id FOREIGN KEY (user_id) REFERENCES public.auth_user(id) DEFERRABLE INITIALLY DEFERRED;


--
-- Name: django_admin_log django_admin_log_content_type_id_c4bce8eb_fk_django_co; Type: FK CONSTRAINT; Schema: public; Owner: postgres
--

ALTER TABLE ONLY public.django_admin_log
    ADD CONSTRAINT django_admin_log_content_type_id_c4bce8eb_fk_django_co FOREIGN KEY (content_type_id) REFERENCES public.django_content_type(id) DEFERRABLE INITIALLY DEFERRED;


--
-- Name: django_admin_log django_admin_log_user_id_c564eba6_fk_auth_user_id; Type: FK CONSTRAINT; Schema: public; Owner: postgres
--

ALTER TABLE ONLY public.django_admin_log
    ADD CONSTRAINT django_admin_log_user_id_c564eba6_fk_auth_user_id FOREIGN KEY (user_id) REFERENCES public.auth_user(id) DEFERRABLE INITIALLY DEFERRED;


--
-- Name: shop_billing shop_billing_sale_id_9a749135_fk_shop_sales_id; Type: FK CONSTRAINT; Schema: public; Owner: postgres
--

ALTER TABLE ONLY public.shop_billing
    ADD CONSTRAINT shop_billing_sale_id_9a749135_fk_shop_sales_id FOREIGN KEY (sale_id) REFERENCES public.shop_sales(id) DEFERRABLE INITIALLY DEFERRED;


--
-- Name: shop_cart_item shop_cart_item_product_id_c640b838_fk_shop_product_id; Type: FK CONSTRAINT; Schema: public; Owner: postgres
--

ALTER TABLE ONLY public.shop_cart_item
    ADD CONSTRAINT shop_cart_item_product_id_c640b838_fk_shop_product_id FOREIGN KEY (product_id) REFERENCES public.shop_product(id) DEFERRABLE INITIALLY DEFERRED;


--
-- Name: shop_cart_item shop_cart_item_user_id_069dfd9c_fk_auth_user_id; Type: FK CONSTRAINT; Schema: public; Owner: postgres
--

ALTER TABLE ONLY public.shop_cart_item
    ADD CONSTRAINT shop_cart_item_user_id_069dfd9c_fk_auth_user_id FOREIGN KEY (user_id) REFERENCES public.auth_user(id) DEFERRABLE INITIALLY DEFERRED;


--
-- Name: shop_sales_item shop_sales_item_product_id_56528f3b_fk_shop_product_id; Type: FK CONSTRAINT; Schema: public; Owner: postgres
--

ALTER TABLE ONLY public.shop_sales_item
    ADD CONSTRAINT shop_sales_item_product_id_56528f3b_fk_shop_product_id FOREIGN KEY (product_id) REFERENCES public.shop_product(id) DEFERRABLE INITIALLY DEFERRED;


--
-- Name: shop_sales_item shop_sales_item_sale_id_5a727ecd_fk_shop_sales_id; Type: FK CONSTRAINT; Schema: public; Owner: postgres
--

ALTER TABLE ONLY public.shop_sales_item
    ADD CONSTRAINT shop_sales_item_sale_id_5a727ecd_fk_shop_sales_id FOREIGN KEY (sale_id) REFERENCES public.shop_sales(id) DEFERRABLE INITIALLY DEFERRED;


--
-- Name: shop_sales shop_sales_user_id_e48bdb03_fk_auth_user_id; Type: FK CONSTRAINT; Schema: public; Owner: postgres
--

ALTER TABLE ONLY public.shop_sales
    ADD CONSTRAINT shop_sales_user_id_e48bdb03_fk_auth_user_id FOREIGN KEY (user_id) REFERENCES public.auth_user(id) DEFERRABLE INITIALLY DEFERRED;


--
-- Name: shop_shipping shop_shipping_sale_id_904633c7_fk_shop_sales_id; Type: FK CONSTRAINT; Schema: public; Owner: postgres
--

ALTER TABLE ONLY public.shop_shipping
    ADD CONSTRAINT shop_shipping_sale_id_904633c7_fk_shop_sales_id FOREIGN KEY (sale_id) REFERENCES public.shop_sales(id) DEFERRABLE INITIALLY DEFERRED;


--
-- PostgreSQL database dump complete
--

--
-- Custom data
--


CREATE FUNCTION public.updatestocktgr() RETURNS trigger
    LANGUAGE plpgsql
    AS $$
DECLARE _stock numeric;
BEGIN
	select stock into _stock from shop_product where id = new.product_id;
	if (_stock - new.quantity) >= 0 then
		update shop_product set stock = stock - new.quantity where id = new.product_id;
	else
		Raise exception 'Quantity ammount higher than stock available';
	END if;
		
    return new;
END;
$$;


CREATE TRIGGER updatestock 
BEFORE INSERT OR UPDATE 
ON public.shop_sales_item 
FOR EACH ROW 
EXECUTE FUNCTION public.updatestocktgr();


CREATE FUNCTION public.fn_most_bought_today() RETURNS TABLE(product_id integer)
    LANGUAGE plpgsql
    AS $$
BEGIN
	RETURN QUERY
		select shop_sales_item.product_id from shop_sales_item
		join shop_sales on shop_sales.id = shop_sales_item.sale_id
		where date_trunc('day', shop_sales.date) = date_trunc('day', now())
		group by shop_sales_item.product_id
		order by count(*) desc
		limit 3;
END;
$$;

